date,lake,sediment,ice_abundance,sediment_abundance
2016-11-02,East Lake Bonney,0.6717965380442108,0.6717965380442108,0.3282034619557892
2016-11-02,West Lake Bonney,0.918924662023357,0.918924662023357,0.08107533797664301
2016-11-04,East Lake Bonney,0.6778662451564363,0.6778662451564363,0.32213375484356366
2016-11-04,West Lake Bonney,0.9197738313398903,0.9197738313398903,0.08022616866010968
2016-11-06,East Lake Bonney,0.6749723373041914,0.6749723373041914,0.32502766269580863
2016-11-06,West Lake Bonney,0.913606896379498,0.913606896379498,0.08639310362050201
2016-11-08,East Lake Bonney,0.6646178684350825,0.6646178684350825,0.3353821315649175
2016-11-08,West Lake Bonney,0.8949474579179879,0.8949474579179879,0.10505254208201209
2016-11-15,East Lake Bonney,0.6600070727378246,0.6600070727378246,0.33999292726217545
2016-11-15,West Lake Bonney,0.881368885966503,0.881368885966503,0.11863111403349702
2016-12-10,East Lake Bonney,0.760302546252477,0.760302546252477,0.23969745374752305
2016-12-10,West Lake Bonney,0.9315810230709989,0.9315810230709989,0.06841897692900112
2016-12-13,East Lake Bonney,0.698223689652888,0.698223689652888,0.30177631034711205
2016-12-13,West Lake Bonney,0.9468437834272262,0.9468437834272262,0.05315621657277381
2016-12-15,East Lake Bonney,0.6189915670668379,0.6189915670668379,0.3810084329331621
2016-12-15,West Lake Bonney,0.9379639004659522,0.9379639004659522,0.06203609953404776
2016-12-17,East Lake Bonney,0.554880202474132,0.554880202474132,0.44511979752586806
2016-12-17,West Lake Bonney,0.9377733168049945,0.9377733168049945,0.06222668319500546
2016-12-24,East Lake Bonney,0.7921799617678826,0.7921799617678826,0.20782003823211737
2016-12-24,West Lake Bonney,0.9522414093539873,0.9522414093539873,0.04775859064601273
2017-01-02,East Lake Bonney,0.8431796441414745,0.8431796441414745,0.1568203558585255
2017-01-02,West Lake Bonney,0.9543683679930155,0.9543683679930155,0.0456316320069845
2017-01-11,East Lake Bonney,0.8111052099841753,0.8111052099841753,0.18889479001582465
2017-01-11,West Lake Bonney,0.942843823328865,0.942843823328865,0.05715617667113504
2017-01-14,East Lake Bonney,0.8720450507534974,0.8720450507534974,0.12795494924650264
2017-01-14,West Lake Bonney,0.9195030980715609,0.9195030980715609,0.08049690192843906
2017-01-18,East Lake Bonney,0.8699448686365183,0.8699448686365183,0.13005513136348168
2017-01-18,West Lake Bonney,0.9252642905124128,0.9252642905124128,0.07473570948758723
2017-01-25,East Lake Bonney,0.816121342735745,0.816121342735745,0.183878657264255
2017-01-25,West Lake Bonney,0.912807431401864,0.912807431401864,0.08719256859813596
2017-01-27,East Lake Bonney,0.8068065572895512,0.8068065572895512,0.1931934427104488
2017-01-27,West Lake Bonney,0.9154235482629013,0.9154235482629013,0.08457645173709871
2017-01-30,East Lake Bonney,0.8059640554571234,0.8059640554571234,0.19403594454287665
2017-01-30,West Lake Bonney,0.8973177775985626,0.8973177775985626,0.10268222240143743
2017-11-07,East Lake Bonney,0.9320753077806264,0.9320753077806264,0.06792469221937358
2017-11-07,West Lake Bonney,0.8509510833774914,0.8509510833774914,0.14904891662250863
2017-11-18,East Lake Bonney,0.9148640424426449,0.9148640424426449,0.08513595755735515
2017-11-18,West Lake Bonney,0.8614569704038528,0.8614569704038528,0.13854302959614717
2017-11-21,East Lake Bonney,0.9075572650145559,0.9075572650145559,0.09244273498544409
2017-11-21,West Lake Bonney,0.8476942978615871,0.8476942978615871,0.15230570213841288
2017-11-25,East Lake Bonney,0.8834543019528182,0.8834543019528182,0.11654569804718184
2017-11-25,West Lake Bonney,0.8909450964997417,0.8909450964997417,0.10905490350025826
2017-11-27,East Lake Bonney,0.8992220841409089,0.8992220841409089,0.10077791585909113
2017-11-27,West Lake Bonney,0.928192969783924,0.928192969783924,0.07180703021607604
2017-11-30,East Lake Bonney,0.9037166778761706,0.9037166778761706,0.0962833221238294
2017-11-30,West Lake Bonney,0.9426804786901495,0.9426804786901495,0.05731952130985052
2017-12-02,East Lake Bonney,0.8295976769956024,0.8295976769956024,0.17040232300439762
2017-12-02,West Lake Bonney,0.9468371534364937,0.9468371534364937,0.05316284656350634
2017-12-07,East Lake Bonney,0.8595878446810317,0.8595878446810317,0.14041215531896833
2017-12-07,West Lake Bonney,0.9504120666219845,0.9504120666219845,0.04958793337801548
2017-12-16,East Lake Bonney,0.8750852621687911,0.8750852621687911,0.12491473783120888
2017-12-16,West Lake Bonney,0.9660857602615958,0.9660857602615958,0.03391423973840424
2017-12-23,East Lake Bonney,0.888120964239228,0.888120964239228,0.11187903576077196
2017-12-23,West Lake Bonney,0.9610946549055441,0.9610946549055441,0.03890534509445587
2018-01-03,East Lake Bonney,0.9777743459246722,0.9777743459246722,0.02222565407532784
2018-01-03,West Lake Bonney,0.9618743123939286,0.9618743123939286,0.03812568760607138
2018-01-05,East Lake Bonney,0.9991367284855514,0.9991367284855514,8.632715144486491e-4
2018-01-05,West Lake Bonney,0.9605632655827545,0.9605632655827545,0.03943673441724549
2018-01-10,East Lake Bonney,0.8449789949644886,0.8449789949644886,0.15502100503551142
2018-01-10,West Lake Bonney,0.978733988364886,0.978733988364886,0.02126601163511399
2018-01-12,East Lake Bonney,0.8769794776652036,0.8769794776652036,0.12302052233479643
2018-01-12,West Lake Bonney,0.9553436390024996,0.9553436390024996,0.044656360997500366
2018-01-14,East Lake Bonney,0.9301310053036426,0.9301310053036426,0.06986899469635743
2018-01-14,West Lake Bonney,0.9562410034007806,0.9562410034007806,0.043758996599219446
2018-01-19,East Lake Bonney,0.9271426854233195,0.9271426854233195,0.07285731457668054
2018-01-19,West Lake Bonney,0.9449678001943144,0.9449678001943144,0.05503219980568563
2018-01-26,East Lake Bonney,0.9310863793526412,0.9310863793526412,0.06891362064735884
2018-01-26,West Lake Bonney,0.9362947005017004,0.9362947005017004,0.06370529949829962
2018-01-30,East Lake Bonney,0.9195071941900892,0.9195071941900892,0.0804928058099108
2018-01-30,West Lake Bonney,0.9257451444835749,0.9257451444835749,0.07425485551642508
2018-11-05,East Lake Bonney,0.891791381423697,0.891791381423697,0.10820861857630304
2018-11-05,West Lake Bonney,0.8948875766854796,0.8948875766854796,0.10511242331452042
2018-11-08,East Lake Bonney,0.7994410403413785,0.7994410403413785,0.20055895965862147
2018-11-08,West Lake Bonney,0.8637792717113492,0.8637792717113492,0.13622072828865084
2018-11-12,East Lake Bonney,0.7951868096064244,0.7951868096064244,0.2048131903935756
2018-11-12,West Lake Bonney,0.8510523518326927,0.8510523518326927,0.14894764816730732
2018-11-17,East Lake Bonney,0.7883038139248297,0.7883038139248297,0.21169618607517027
2018-11-17,West Lake Bonney,0.855188036766128,0.855188036766128,0.14481196323387202
2018-11-19,East Lake Bonney,0.782350671471033,0.782350671471033,0.217649328528967
2018-11-19,West Lake Bonney,0.8556610961152855,0.8556610961152855,0.1443389038847145
2018-11-24,East Lake Bonney,0.8484649567187393,0.8484649567187393,0.15153504328126066
2018-11-24,West Lake Bonney,0.9135818327274674,0.9135818327274674,0.0864181672725326
2018-11-26,East Lake Bonney,0.8212600205553082,0.8212600205553082,0.17873997944469178
2018-11-26,West Lake Bonney,0.9018274622830467,0.9018274622830467,0.09817253771695333
2018-11-28,East Lake Bonney,0.7657301024253553,0.7657301024253553,0.23426989757464467
2018-11-28,West Lake Bonney,0.8879236024083973,0.8879236024083973,0.1120763975916027
2018-11-30,East Lake Bonney,0.7636579907273028,0.7636579907273028,0.23634200927269722
2018-11-30,West Lake Bonney,0.8921857130168293,0.8921857130168293,0.10781428698317075
2018-12-05,East Lake Bonney,0.7931258167971239,0.7931258167971239,0.2068741832028761
2018-12-05,West Lake Bonney,0.91987545122466,0.91987545122466,0.08012454877534003
2018-12-30,East Lake Bonney,0.8882805273942601,0.8882805273942601,0.11171947260573989
2018-12-30,West Lake Bonney,0.9357926422943129,0.9357926422943129,0.06420735770568708
2019-01-01,East Lake Bonney,0.8982778408251928,0.8982778408251928,0.1017221591748072
2019-01-01,West Lake Bonney,0.9263943674758389,0.9263943674758389,0.07360563252416108
2019-01-04,East Lake Bonney,0.8454727835717736,0.8454727835717736,0.15452721642822642
2019-01-04,West Lake Bonney,0.9258192375834174,0.9258192375834174,0.07418076241658256
2019-01-06,East Lake Bonney,0.8770253245352616,0.8770253245352616,0.12297467546473839
2019-01-06,West Lake Bonney,0.9228127861830165,0.9228127861830165,0.07718721381698346
2019-01-11,East Lake Bonney,0.716874537150161,0.716874537150161,0.28312546284983897
2019-01-11,West Lake Bonney,0.9401115016389208,0.9401115016389208,0.059888498361079234
2019-01-15,East Lake Bonney,0.8677578156213478,0.8677578156213478,0.1322421843786522
2019-01-15,West Lake Bonney,0.9187226548955981,0.9187226548955981,0.08127734510440188
2019-01-24,East Lake Bonney,0.8722601149125103,0.8722601149125103,0.12773988508748968
2019-01-24,West Lake Bonney,0.903666392432485,0.903666392432485,0.09633360756751497
2019-11-06,East Lake Bonney,0.8626413031853257,0.8626413031853257,0.13735869681467427
2019-11-06,West Lake Bonney,0.9213910394187368,0.9213910394187368,0.07860896058126321
2019-11-08,East Lake Bonney,0.8602595878240495,0.8602595878240495,0.13974041217595046
2019-11-08,West Lake Bonney,0.9292127054295489,0.9292127054295489,0.07078729457045108
2019-11-11,East Lake Bonney,0.8663543894141096,0.8663543894141096,0.13364561058589042
2019-11-11,West Lake Bonney,0.9225872807034053,0.9225872807034053,0.07741271929659466
2019-11-15,East Lake Bonney,0.8777910450926564,0.8777910450926564,0.12220895490734363
2019-11-15,West Lake Bonney,0.9214583429576692,0.9214583429576692,0.07854165704233085
2019-11-17,East Lake Bonney,0.8868947715844101,0.8868947715844101,0.1131052284155899
2019-11-17,West Lake Bonney,0.8833109455399085,0.8833109455399085,0.11668905446009148
2019-11-24,East Lake Bonney,0.814538647090087,0.814538647090087,0.18546135290991295
2019-11-24,West Lake Bonney,0.9121436821470531,0.9121436821470531,0.0878563178529469
2019-11-27,East Lake Bonney,0.7880729609703662,0.7880729609703662,0.21192703902963383
2019-11-27,West Lake Bonney,0.9134138341809731,0.9134138341809731,0.0865861658190269
2019-12-03,East Lake Bonney,0.8105250759694875,0.8105250759694875,0.18947492403051247
2019-12-03,West Lake Bonney,0.9027050153856497,0.9027050153856497,0.09729498461435027
2019-12-17,East Lake Bonney,0.9597100803124203,0.9597100803124203,0.04028991968757967
2019-12-17,West Lake Bonney,0.9202238611805479,0.9202238611805479,0.07977613881945211
2019-12-24,East Lake Bonney,0.911872035656437,0.911872035656437,0.08812796434356296
2019-12-24,West Lake Bonney,0.9266600000131433,0.9266600000131433,0.0733399999868567
2019-12-26,East Lake Bonney,0.8851325509973571,0.8851325509973571,0.1148674490026429
2019-12-26,West Lake Bonney,0.9244374922849657,0.9244374922849657,0.075562507715034255
2019-12-31,East Lake Bonney,0.914284980873258,0.914284980873258,0.08571501912674195
2019-12-31,West Lake Bonney,0.94044748461899,0.94044748461899,0.05955251538101003
2020-01-02,East Lake Bonney,0.8822449687452895,0.8822449687452895,0.11775503125471054
2020-01-02,West Lake Bonney,0.9374712347657715,0.9374712347657715,0.06252876523422846
2020-01-11,East Lake Bonney,0.8813213007591231,0.8813213007591231,0.11867869924087693
2020-01-11,West Lake Bonney,0.9660990639707177,0.9660990639707177,0.03390093602928235
2020-01-20,East Lake Bonney,0.8316478117787929,0.8316478117787929,0.16835218822120712
2020-01-20,West Lake Bonney,0.9208487930663795,0.9208487930663795,0.07915120693362054
2020-10-30,East Lake Bonney,0.8369881015265983,0.8369881015265983,0.1630118984734017
2020-10-30,West Lake Bonney,0.8637401027800098,0.8637401027800098,0.1362598972199902
2020-11-15,East Lake Bonney,0.8058653674199534,0.8058653674199534,0.1941346325800466
2020-11-15,West Lake Bonney,0.8864624764348576,0.8864624764348576,0.11353752356514235
2020-11-17,East Lake Bonney,0.8198932383300614,0.8198932383300614,0.18010676166993855
2020-11-17,West Lake Bonney,0.8944570346842685,0.8944570346842685,0.10554296531573149
2020-11-19,East Lake Bonney,0.8538923332727493,0.8538923332727493,0.14610766672725073
2020-11-19,West Lake Bonney,0.9148708341787167,0.9148708341787167,0.08512916582128327
2020-11-24,East Lake Bonney,0.7905768750496903,0.7905768750496903,0.20942312495030968
2020-11-24,West Lake Bonney,0.9300404954839675,0.9300404954839675,0.0699595045160325
2020-11-26,East Lake Bonney,0.7435509467699164,0.7435509467699164,0.2564490532300836
2020-11-26,West Lake Bonney,0.9215985879195988,0.9215985879195988,0.07840141208040119
2020-11-29,East Lake Bonney,0.7308035369744779,0.7308035369744779,0.26919646302552214
2020-11-29,West Lake Bonney,0.9201765347458811,0.9201765347458811,0.07982346525411887
2020-12-01,East Lake Bonney,0.7537604167252396,0.7537604167252396,0.24623958327476037
2020-12-01,West Lake Bonney,0.9146318566852425,0.9146318566852425,0.0853681433147575
2020-12-03,East Lake Bonney,0.7757364141106265,0.7757364141106265,0.22426358588937345
2020-12-03,West Lake Bonney,0.9234076983844542,0.9234076983844542,0.07659230161554575
2020-12-08,East Lake Bonney,0.8906513221934336,0.8906513221934336,0.10934867780656643
2020-12-08,West Lake Bonney,0.9289758888402238,0.9289758888402238,0.07102411115977625
2020-12-10,East Lake Bonney,0.9123806783073909,0.9123806783073909,0.08761932169260911
2020-12-10,West Lake Bonney,0.9171780303748939,0.9171780303748939,0.08282196962510613
2020-12-15,East Lake Bonney,0.8512932465863506,0.8512932465863506,0.14870675341364936
2020-12-15,West Lake Bonney,0.914517150481605,0.914517150481605,0.08548284951839502
2020-12-21,East Lake Bonney,0.8959423621428427,0.8959423621428427,0.10405763785715727
2020-12-21,West Lake Bonney,0.8872010481569131,0.8872010481569131,0.11279895184308686
2020-12-24,East Lake Bonney,0.8549837203761864,0.8549837203761864,0.14501627962381358
2020-12-24,West Lake Bonney,0.9117615637635842,0.9117615637635842,0.08823843623641581
2021-01-13,East Lake Bonney,0.917272103527962,0.917272103527962,0.08272789647203804
2021-01-13,West Lake Bonney,0.9240861643512772,0.9240861643512772,0.07591383564872278
2021-01-16,East Lake Bonney,0.7549826051866113,0.7549826051866113,0.2450173948133887
2021-01-16,West Lake Bonney,0.909378138548096,0.909378138548096,0.09062186145190398
2021-01-18,East Lake Bonney,0.8836343853569925,0.8836343853569925,0.11636561464300754
2021-01-18,West Lake Bonney,0.9123528891469809,0.9123528891469809,0.08764711085301913
2021-01-22,East Lake Bonney,0.9208207514690566,0.9208207514690566,0.07917924853094338
2021-01-22,West Lake Bonney,0.9120480704331329,0.9120480704331329,0.08795192956686715
2021-02-01,East Lake Bonney,0.7857355499634092,0.7857355499634092,0.21426445003659078
2021-02-01,West Lake Bonney,0.8870038547499554,0.8870038547499554,0.11299614525004464
2021-10-31,East Lake Bonney,0.7337805165552268,0.7337805165552268,0.2662194834447732
2021-10-31,West Lake Bonney,0.8763903768405946,0.8763903768405946,0.12360962315940538
2021-11-04,East Lake Bonney,0.7210976728839977,0.7210976728839977,0.27890232711600227
2021-11-04,West Lake Bonney,0.8810081432757533,0.8810081432757533,0.11899185672424673
2021-11-09,East Lake Bonney,0.6667489417129492,0.6667489417129492,0.3332510582870508
2021-11-09,West Lake Bonney,0.8912971993412229,0.8912971993412229,0.10870280065877713
2021-11-11,East Lake Bonney,0.7031937398726722,0.7031937398726722,0.2968062601273278
2021-11-11,West Lake Bonney,0.9019456886407123,0.9019456886407123,0.09805431135928766
2021-11-20,East Lake Bonney,0.7382796161645883,0.7382796161645883,0.26172038383541174
2021-11-20,West Lake Bonney,0.9335437403049776,0.9335437403049776,0.06645625969502245
2021-12-02,East Lake Bonney,0.6464937461899216,0.6464937461899216,0.3535062538100784
2021-12-02,West Lake Bonney,0.9158676687468489,0.9158676687468489,0.08413233125315112
2021-12-04,East Lake Bonney,0.8027668326042535,0.8027668326042535,0.19723316739574648
2021-12-04,West Lake Bonney,0.9369228169271571,0.9369228169271571,0.06307718307284294
2021-12-06,East Lake Bonney,0.6403688162717962,0.6403688162717962,0.3596311837282038
2021-12-06,West Lake Bonney,0.927311440129874,0.927311440129874,0.07268855987012601
2021-12-08,East Lake Bonney,0.6988029373834862,0.6988029373834862,0.3011970626165138
2021-12-08,West Lake Bonney,0.9217857607430917,0.9217857607430917,0.07821423925690829
2021-12-11,East Lake Bonney,0.8088958604616794,0.8088958604616794,0.19110413953832062
2021-12-11,West Lake Bonney,0.9105261227380395,0.9105261227380395,0.08947387726196054
2021-12-18,East Lake Bonney,0.8462337790500164,0.8462337790500164,0.1537662209499836
2021-12-18,West Lake Bonney,0.8991968879196923,0.8991968879196923,0.10080311208030768
2021-12-20,East Lake Bonney,0.8057386659640616,0.8057386659640616,0.19426133403593837
2021-12-20,West Lake Bonney,0.9124807603212017,0.9124807603212017,0.08751923967879827
2021-12-22,East Lake Bonney,0.7929667400692002,0.7929667400692002,0.2070332599307998
2021-12-22,West Lake Bonney,0.9154587742109361,0.9154587742109361,0.08454122578906387
2021-12-24,East Lake Bonney,0.8779292217355488,0.8779292217355488,0.12207077826445123
2021-12-24,West Lake Bonney,0.9177682343209771,0.9177682343209771,0.0822317656790229
2022-01-05,East Lake Bonney,0.6447420535640732,0.6447420535640732,0.3552579464359268
2022-01-05,West Lake Bonney,0.9551040532438567,0.9551040532438567,0.04489594675614328
2022-01-07,East Lake Bonney,0.7103778064618322,0.7103778064618322,0.28962219353816776
2022-01-07,West Lake Bonney,0.9582160797206948,0.9582160797206948,0.04178392027930522
2022-01-12,East Lake Bonney,0.7317037475958029,0.7317037475958029,0.2682962524041971
2022-01-12,West Lake Bonney,0.9476173639324305,0.9476173639324305,0.052382636067569543
2022-01-14,East Lake Bonney,0.7183801424188785,0.7183801424188785,0.2816198575811215
2022-01-14,West Lake Bonney,0.9400701664488568,0.9400701664488568,0.05992983355114323
2022-01-16,East Lake Bonney,0.7218410353923274,0.7218410353923274,0.27815896460767264
2022-01-16,West Lake Bonney,0.92537532630996,0.92537532630996,0.07462467369004
2022-01-19,East Lake Bonney,0.8151286905580576,0.8151286905580576,0.1848713094419424
2022-01-19,West Lake Bonney,0.9931908935008259,0.9931908935008259,0.0068091064991741
2022-01-25,East Lake Bonney,0.601887985122877,0.601887985122877,0.398112014877123
2022-01-25,West Lake Bonney,0.9466425798403891,0.9466425798403891,0.05335742015961087
2022-01-28,East Lake Bonney,0.6665732291347005,0.6665732291347005,0.3334267708652995
2022-01-28,West Lake Bonney,0.9404004379538384,0.9404004379538384,0.05959956204616157
2022-11-14,East Lake Bonney,0.519215709053638,0.519215709053638,0.480784290946362
2022-11-14,West Lake Bonney,0.9356127335268531,0.9356127335268531,0.06438726647314685
2022-11-16,East Lake Bonney,0.45609574341678655,0.45609574341678655,0.5439042565832135
2022-11-16,West Lake Bonney,0.9221528183341108,0.9221528183341108,0.07784718166588922
2022-11-19,East Lake Bonney,0.507671666968939,0.507671666968939,0.49232833303106105
2022-11-19,West Lake Bonney,0.9362141659663716,0.9362141659663716,0.06378583403362836
2022-11-21,East Lake Bonney,0.5060449232928694,0.5060449232928694,0.49395507670713057
2022-11-21,West Lake Bonney,0.9312206298135801,0.9312206298135801,0.06877937018641989
2022-11-23,East Lake Bonney,0.5496283814895239,0.5496283814895239,0.45037161851047613
2022-11-23,West Lake Bonney,0.9397238679885226,0.9397238679885226,0.06027613201147741
2022-11-28,East Lake Bonney,0.6271571470411818,0.6271571470411818,0.37284285295881825
2022-11-28,West Lake Bonney,0.9437759476171935,0.9437759476171935,0.05622405238280648
2022-12-05,East Lake Bonney,0.7338162422638084,0.7338162422638084,0.26618375773619163
2022-12-05,West Lake Bonney,0.9703283904317356,0.9703283904317356,0.029671609568264423
2022-12-11,East Lake Bonney,0.5992401044315524,0.5992401044315524,0.4007598955684476
2022-12-11,West Lake Bonney,0.9367864613241297,0.9367864613241297,0.06321353867587032
2022-12-16,East Lake Bonney,0.7637704283302624,0.7637704283302624,0.23622957166973757
2022-12-16,West Lake Bonney,0.9525816328673594,0.9525816328673594,0.04741836713264058
2022-12-18,East Lake Bonney,0.7195828350278515,0.7195828350278515,0.2804171649721485
2022-12-18,West Lake Bonney,0.9473299736123127,0.9473299736123127,0.05267002638768725
2023-01-01,East Lake Bonney,0.6596591009621591,0.6596591009621591,0.3403408990378409
2023-01-01,West Lake Bonney,0.9594487191438468,0.9594487191438468,0.04055128085615323
2023-01-03,East Lake Bonney,0.6968993970248841,0.6968993970248841,0.3031006029751159
2023-01-03,West Lake Bonney,0.9653446940223446,0.9653446940223446,0.034655305977655426
2023-01-10,East Lake Bonney,0.6522228494170804,0.6522228494170804,0.3477771505829196
2023-01-10,West Lake Bonney,0.9529195283158329,0.9529195283158329,0.04708047168416707
2023-01-22,East Lake Bonney,0.72572776896832,0.72572776896832,0.27427223103167997
2023-01-22,West Lake Bonney,0.9221729763813672,0.9221729763813672,0.0778270236186328
2023-01-24,East Lake Bonney,0.6931288734575086,0.6931288734575086,0.3068711265424914
2023-01-24,West Lake Bonney,0.923375782348842,0.923375782348842,0.07662421765115801
2023-11-17,East Lake Bonney,0.6471437759007359,0.6471437759007359,0.3528562240992641
2023-11-17,West Lake Bonney,0.945978284989573,0.945978284989573,0.05402171501042696
2023-11-19,East Lake Bonney,0.6200083707123355,0.6200083707123355,0.3799916292876645
2023-11-19,West Lake Bonney,0.9439420936609586,0.9439420936609586,0.0560579063390414
2023-12-05,East Lake Bonney,0.7574425628025057,0.7574425628025057,0.24255743719749434
2023-12-05,West Lake Bonney,0.9530101283058542,0.9530101283058542,0.04698987169414581
2023-12-19,East Lake Bonney,0.8181361850940686,0.8181361850940686,0.1818638149059314
2023-12-19,West Lake Bonney,0.9693553550382777,0.9693553550382777,0.030644644961722256
2023-12-28,East Lake Bonney,0.8272295807851792,0.8272295807851792,0.17277041921482084
2023-12-28,West Lake Bonney,0.964679109550138,0.964679109550138,0.035320890449861975
2023-12-30,East Lake Bonney,0.8036652731189126,0.8036652731189126,0.19633472688108744
2023-12-30,West Lake Bonney,0.9700329761341427,0.9700329761341427,0.029967023865857256
2024-01-04,East Lake Bonney,0.7866526389245484,0.7866526389245484,0.2133473610754516
2024-01-04,West Lake Bonney,0.9722096478548953,0.9722096478548953,0.027790352145104724
2024-01-22,East Lake Bonney,0.7462782096575958,0.7462782096575958,0.25372179034240416
2024-01-22,West Lake Bonney,0.9562623027923617,0.9562623027923617,0.043737697207638315
2024-11-12,East Lake Bonney,0.7540355620486684,0.7540355620486684,0.2459644379513316
2024-11-12,West Lake Bonney,0.9013770716026,0.9013770716026,0.09862292839739994
2024-11-14,East Lake Bonney,0.8240385271793608,0.8240385271793608,0.17596147282063923
2024-11-14,West Lake Bonney,0.8992988762155057,0.8992988762155057,0.10070112378449425
2024-11-21,East Lake Bonney,0.7378241144391824,0.7378241144391824,0.2621758855608176
2024-11-21,West Lake Bonney,0.9113414590340613,0.9113414590340613,0.08865854096593873
2024-12-21,East Lake Bonney,0.8433350756166713,0.8433350756166713,0.15666492438332869
2024-12-21,West Lake Bonney,0.9615251988437052,0.9615251988437052,0.03847480115629476
2016-11-02,Lake Fryxell,0.986889014518887,0.986889014518887,0.013110985481113002
2016-11-04,Lake Fryxell,0.9861619216453165,0.9861619216453165,0.013838078354683536
2016-11-06,Lake Fryxell,0.9845138195545613,0.9845138195545613,0.015486180445438702
2016-11-08,Lake Fryxell,0.9792926836391754,0.9792926836391754,0.020707316360824568
2016-11-13,Lake Fryxell,0.9732536706518595,0.9732536706518595,0.026746329348140474
2016-11-15,Lake Fryxell,0.9742827011065057,0.9742827011065057,0.025717298893494278
2016-12-08,Lake Fryxell,0.9863158036215172,0.9863158036215172,0.013684196378482838
2016-12-10,Lake Fryxell,0.9857880724432032,0.9857880724432032,0.014211927556796788
2016-12-13,Lake Fryxell,0.9785193518297349,0.9785193518297349,0.02148064817026507
2016-12-15,Lake Fryxell,0.9688733704367497,0.9688733704367497,0.031126629563250297
2016-12-17,Lake Fryxell,0.9846474851683971,0.9846474851683971,0.015352514831602937
2016-12-19,Lake Fryxell,0.9720212664381958,0.9720212664381958,0.027978733561804248
2016-12-24,Lake Fryxell,0.972334073658922,0.972334073658922,0.027665926341078007
2017-01-02,Lake Fryxell,0.9801507732229726,0.9801507732229726,0.019849226777027384
2017-01-09,Lake Fryxell,0.9811180325834121,0.9811180325834121,0.018881967416587875
2017-01-11,Lake Fryxell,0.9944736275778141,0.9944736275778141,0.005526372422185899
2017-01-14,Lake Fryxell,0.9940785957775304,0.9940785957775304,0.005921404222469562
2017-01-18,Lake Fryxell,0.9913451034468687,0.9913451034468687,0.008654896553131342
2017-01-25,Lake Fryxell,0.9816154016345916,0.9816154016345916,0.0183845983654084
2017-01-27,Lake Fryxell,0.9788417187333682,0.9788417187333682,0.021158281266631773
2017-01-30,Lake Fryxell,0.9738501798801498,0.9738501798801498,0.02614982011985023
2017-11-04,Lake Fryxell,0.8888548079811017,0.8888548079811017,0.11114519201889828
2017-11-07,Lake Fryxell,0.9138650570746706,0.9138650570746706,0.08613494292532942
2017-11-18,Lake Fryxell,0.9160949201306525,0.9160949201306525,0.08390507986934748
2017-11-20,Lake Fryxell,0.8442640790784866,0.8442640790784866,0.15573592092151345
2017-11-21,Lake Fryxell,0.8691188563607972,0.8691188563607972,0.13088114363920278
2017-11-25,Lake Fryxell,0.8486271880964205,0.8486271880964205,0.15137281190357954
2017-11-27,Lake Fryxell,0.8649443168172934,0.8649443168172934,0.13505568318270655
2017-11-30,Lake Fryxell,0.8755662386855333,0.8755662386855333,0.1244337613144667
2017-12-02,Lake Fryxell,0.8780345062847755,0.8780345062847755,0.12196549371522447
2017-12-07,Lake Fryxell,0.8546093192077703,0.8546093192077703,0.14539068079222972
2017-12-16,Lake Fryxell,0.9835869073042072,0.9835869073042072,0.01641309269579283
2017-12-23,Lake Fryxell,0.9775800739451642,0.9775800739451642,0.02241992605483578
2018-01-03,Lake Fryxell,0.9925091252259555,0.9925091252259555,0.007490874774044531
2018-01-05,Lake Fryxell,0.9921788230059072,0.9921788230059072,0.007821176994092793
2018-01-07,Lake Fryxell,0.9868540379972099,0.9868540379972099,0.013145962002790057
2018-01-10,Lake Fryxell,0.9558084553381567,0.9558084553381567,0.044191544661843274
2018-01-12,Lake Fryxell,0.9480140849347165,0.9480140849347165,0.051985915065283494
2018-01-14,Lake Fryxell,0.9337890678844646,0.9337890678844646,0.06621093211553541
2018-01-19,Lake Fryxell,0.9217926810933711,0.9217926810933711,0.07820731890662891
2018-01-26,Lake Fryxell,0.9891862371879309,0.9891862371879309,0.010813762812069139
2018-01-30,Lake Fryxell,0.9830766888200346,0.9830766888200346,0.016923311179965372
2018-11-05,Lake Fryxell,0.8574591183022017,0.8574591183022017,0.14254088169779833
2018-11-07,Lake Fryxell,0.9012935578075357,0.9012935578075357,0.09870644219246427
2018-11-08,Lake Fryxell,0.8618992333764699,0.8618992333764699,0.1381007666235301
2018-11-12,Lake Fryxell,0.8687504696173731,0.8687504696173731,0.13124953038262688
2018-11-17,Lake Fryxell,0.9020217604646722,0.9020217604646722,0.0979782395353278
2018-11-19,Lake Fryxell,0.8678702067488013,0.8678702067488013,0.13212979325119867
2018-11-24,Lake Fryxell,0.8907601788229457,0.8907601788229457,0.10923982117705433
2018-11-26,Lake Fryxell,0.8843654284967821,0.8843654284967821,0.11563457150321788
2018-11-28,Lake Fryxell,0.8859760167786357,0.8859760167786357,0.11402398322136431
2018-11-30,Lake Fryxell,0.8593112270083282,0.8593112270083282,0.14068877299167182
2018-12-05,Lake Fryxell,0.859674167077705,0.859674167077705,0.14032583292229495
2018-12-19,Lake Fryxell,0.9850402936558709,0.9850402936558709,0.014959706344129131
2018-12-25,Lake Fryxell,0.8084914965114885,0.8084914965114885,0.19150850348851145
2018-12-30,Lake Fryxell,0.8325925089958818,0.8325925089958818,0.16740749100411823
2019-01-01,Lake Fryxell,0.8360171521574041,0.8360171521574041,0.16398284784259587
2019-01-04,Lake Fryxell,0.8073099512326284,0.8073099512326284,0.1926900487673716
2019-01-06,Lake Fryxell,0.7899312838217323,0.7899312838217323,0.21006871617826772
2019-01-10,Lake Fryxell,0.7866360312352334,0.7866360312352334,0.2133639687647666
2019-01-11,Lake Fryxell,0.7656949411568286,0.7656949411568286,0.23430505884317143
2019-01-15,Lake Fryxell,0.8063930471353462,0.8063930471353462,0.1936069528646538
2019-01-24,Lake Fryxell,0.8174293180070912,0.8174293180070912,0.18257068199290882
2019-01-26,Lake Fryxell,0.8021247810839671,0.8021247810839671,0.19787521891603288
2019-01-27,Lake Fryxell,0.7923368782807101,0.7923368782807101,0.2076631217192899
2019-11-04,Lake Fryxell,0.5776722133185193,0.5776722133185193,0.42232778668148074
2019-11-06,Lake Fryxell,0.5755837845693921,0.5755837845693921,0.4244162154306079
2019-11-08,Lake Fryxell,0.5918920312926905,0.5918920312926905,0.4081079687073095
2019-11-10,Lake Fryxell,0.5948758404999274,0.5948758404999274,0.40512415950007263
2019-11-11,Lake Fryxell,0.6090738418154474,0.6090738418154474,0.39092615818455256
2019-11-15,Lake Fryxell,0.630144283410774,0.630144283410774,0.369855716589226
2019-11-17,Lake Fryxell,0.6218899748578596,0.6218899748578596,0.3781100251421404
2019-11-24,Lake Fryxell,0.6403564309744657,0.6403564309744657,0.3596435690255343
2019-11-26,Lake Fryxell,0.6538270086925009,0.6538270086925009,0.3461729913074991
2019-11-27,Lake Fryxell,0.682115851412782,0.682115851412782,0.31788414858721803
2019-12-03,Lake Fryxell,0.6791188762390078,0.6791188762390078,0.3208811237609922
2019-12-10,Lake Fryxell,0.9689405191413301,0.9689405191413301,0.03105948085866994
2019-12-12,Lake Fryxell,0.9398195672602768,0.9398195672602768,0.06018043273972318
2019-12-17,Lake Fryxell,0.9024352252762293,0.9024352252762293,0.09756477472377068
2019-12-24,Lake Fryxell,0.8552132005973458,0.8552132005973458,0.14478679940265415
2019-12-26,Lake Fryxell,0.8766016082417286,0.8766016082417286,0.12339839175827139
2019-12-29,Lake Fryxell,0.9348730892673818,0.9348730892673818,0.06512691073261823
2019-12-31,Lake Fryxell,0.8984941514790733,0.8984941514790733,0.1015058485209267
2020-01-02,Lake Fryxell,0.8555791901446278,0.8555791901446278,0.1444208098553722
2020-01-11,Lake Fryxell,0.8677394178874128,0.8677394178874128,0.13226058211258718
2020-01-20,Lake Fryxell,0.8204850112491107,0.8204850112491107,0.17951498875088934
2020-10-30,Lake Fryxell,0.7518121695779602,0.7518121695779602,0.24818783042203985
2020-11-08,Lake Fryxell,0.8605079378472781,0.8605079378472781,0.13949206215272192
2020-11-15,Lake Fryxell,0.7007795417263367,0.7007795417263367,0.2992204582736633
2020-11-17,Lake Fryxell,0.7051979287669915,0.7051979287669915,0.2948020712330085
2020-11-19,Lake Fryxell,0.7099364918281647,0.7099364918281647,0.29006350817183535
2020-11-24,Lake Fryxell,0.7104622845920165,0.7104622845920165,0.28953771540798345
2020-11-26,Lake Fryxell,0.712134270830797,0.712134270830797,0.28786572916920306
2020-11-28,Lake Fryxell,0.7259255118679019,0.7259255118679019,0.2740744881320981
2020-11-29,Lake Fryxell,0.7195172074902958,0.7195172074902958,0.2804827925097042
2020-12-01,Lake Fryxell,0.6801618932509553,0.6801618932509553,0.31983810674904467
2020-12-03,Lake Fryxell,0.6818802279513555,0.6818802279513555,0.3181197720486445
2020-12-08,Lake Fryxell,0.6675165834581228,0.6675165834581228,0.3324834165418772
2020-12-10,Lake Fryxell,0.6624092126962108,0.6624092126962108,0.3375907873037892
2020-12-14,Lake Fryxell,0.6879315453170799,0.6879315453170799,0.3120684546829201
2020-12-15,Lake Fryxell,0.7076818411270543,0.7076818411270543,0.29231815887294565
2020-12-21,Lake Fryxell,0.7563874905651564,0.7563874905651564,0.24361250943484358
2020-12-24,Lake Fryxell,0.7294073352818232,0.7294073352818232,0.2705926647181768
2020-12-26,Lake Fryxell,0.7290220607021137,0.7290220607021137,0.27097793929788627
2020-12-30,Lake Fryxell,0.71004348534422,0.71004348534422,0.28995651465578
2021-01-06,Lake Fryxell,0.6917678967614401,0.6917678967614401,0.3082321032385599
2021-01-13,Lake Fryxell,0.6909693514481569,0.6909693514481569,0.30903064855184315
2021-01-16,Lake Fryxell,0.6880510267388575,0.6880510267388575,0.31194897326114246
2021-01-18,Lake Fryxell,0.6655212947691137,0.6655212947691137,0.3344787052308863
2021-01-22,Lake Fryxell,0.6189628094128765,0.6189628094128765,0.3810371905871235
2021-02-01,Lake Fryxell,0.6316174791786476,0.6316174791786476,0.36838252082135237
2021-10-31,Lake Fryxell,0.6292599919335246,0.6292599919335246,0.37074000806647545
2021-11-04,Lake Fryxell,0.6217754493119597,0.6217754493119597,0.3782245506880403
2021-11-09,Lake Fryxell,0.5891467433774901,0.5891467433774901,0.41085325662250993
2021-11-11,Lake Fryxell,0.5761596278424632,0.5761596278424632,0.4238403721575368
2021-11-15,Lake Fryxell,0.5690947959610811,0.5690947959610811,0.43090520403891885
2021-11-20,Lake Fryxell,0.6355475018710587,0.6355475018710587,0.3644524981289413
2021-11-29,Lake Fryxell,0.7803518995455269,0.7803518995455269,0.21964810045447314
2021-12-01,Lake Fryxell,0.6724801641622455,0.6724801641622455,0.32751983583775446
2021-12-02,Lake Fryxell,0.634423906949477,0.634423906949477,0.36557609305052297
2021-12-04,Lake Fryxell,0.5265631429263431,0.5265631429263431,0.4734368570736569
2021-12-06,Lake Fryxell,0.5192865160056401,0.5192865160056401,0.48071348399435987
2021-12-08,Lake Fryxell,0.5216687442544201,0.5216687442544201,0.4783312557455799
2021-12-11,Lake Fryxell,0.539154328871711,0.539154328871711,0.460845671128289
2021-12-18,Lake Fryxell,0.8927360782874164,0.8927360782874164,0.10726392171258359
2021-12-20,Lake Fryxell,0.8960796903643816,0.8960796903643816,0.10392030963561838
2021-12-22,Lake Fryxell,0.9376819617192467,0.9376819617192467,0.06231803828075333
2021-12-24,Lake Fryxell,0.8955353754221523,0.8955353754221523,0.10446462457784766
2022-01-05,Lake Fryxell,0.7693902937353678,0.7693902937353678,0.23060970626463217
2022-01-07,Lake Fryxell,0.7373855044913643,0.7373855044913643,0.2626144955086357
2022-01-12,Lake Fryxell,0.7748201162949473,0.7748201162949473,0.2251798837050527
2022-01-14,Lake Fryxell,0.7438447783735203,0.7438447783735203,0.25615522162647975
2022-01-16,Lake Fryxell,0.7421219553903091,0.7421219553903091,0.2578780446096909
2022-01-19,Lake Fryxell,0.6586173443996524,0.6586173443996524,0.34138265560034764
2022-01-21,Lake Fryxell,0.5468098327307142,0.5468098327307142,0.45319016726928585
2022-01-25,Lake Fryxell,0.6396195070298801,0.6396195070298801,0.36038049297011987
2022-01-28,Lake Fryxell,0.6477249975580299,0.6477249975580299,0.3522750024419701
2022-11-07,Lake Fryxell,0.4400784763038252,0.4400784763038252,0.5599215236961748
2022-11-14,Lake Fryxell,0.6200345788303491,0.6200345788303491,0.37996542116965093
2022-11-16,Lake Fryxell,0.583969961576479,0.583969961576479,0.41603003842352104
2022-11-18,Lake Fryxell,0.49176974242979116,0.49176974242979116,0.5082302575702089
2022-11-19,Lake Fryxell,0.46280431904039043,0.46280431904039043,0.5371956809596096
2022-11-21,Lake Fryxell,0.39619582001932074,0.39619582001932074,0.6038041799806793
2022-11-23,Lake Fryxell,0.41253856987020115,0.41253856987020115,0.5874614301297989
2022-11-28,Lake Fryxell,0.5757287837323622,0.5757287837323622,0.42427121626763775
2022-12-04,Lake Fryxell,0.5642130247878866,0.5642130247878866,0.4357869752121134
2022-12-05,Lake Fryxell,0.5918773943861632,0.5918773943861632,0.40812260561383684
2022-12-11,Lake Fryxell,0.8062965791685835,0.8062965791685835,0.19370342083141645
2022-12-16,Lake Fryxell,0.7999057116373246,0.7999057116373246,0.2000942883626754
2022-12-18,Lake Fryxell,0.7672089446240768,0.7672089446240768,0.23279105537592315
2023-01-01,Lake Fryxell,0.5573898308014553,0.5573898308014553,0.4426101691985447
2023-01-03,Lake Fryxell,0.6908360696371122,0.6908360696371122,0.3091639303628878
2023-01-10,Lake Fryxell,0.6887552530597607,0.6887552530597607,0.3112447469402393
2023-01-15,Lake Fryxell,0.7475984907808745,0.7475984907808745,0.2524015092191255
2023-01-22,Lake Fryxell,0.6633616529361025,0.6633616529361025,0.3366383470638975
2023-01-24,Lake Fryxell,0.6498207598672806,0.6498207598672806,0.3501792401327194
2023-11-17,Lake Fryxell,0.6433429139100766,0.6433429139100766,0.3566570860899234
2023-11-19,Lake Fryxell,0.6384878686927594,0.6384878686927594,0.3615121313072406
2023-11-21,Lake Fryxell,0.625242300210164,0.625242300210164,0.374757699789836
2023-12-05,Lake Fryxell,0.7204347934842404,0.7204347934842404,0.27956520651575956
2023-12-07,Lake Fryxell,0.7373907316890544,0.7373907316890544,0.26260926831094555
2023-12-19,Lake Fryxell,0.930891759439277,0.930891759439277,0.06910824056072296
2023-12-28,Lake Fryxell,0.9143268107406887,0.9143268107406887,0.08567318925931133
2023-12-30,Lake Fryxell,0.9441748183233751,0.9441748183233751,0.05582518167662487
2024-01-04,Lake Fryxell,0.9070161820756202,0.9070161820756202,0.09298381792437982
2024-01-13,Lake Fryxell,0.9169875586779247,0.9169875586779247,0.0830124413220753
2024-01-22,Lake Fryxell,0.9589583004174024,0.9589583004174024,0.041041699582597624
2024-01-24,Lake Fryxell,0.9931470090119131,0.9931470090119131,0.006852990988086893
2024-11-03,Lake Fryxell,0.9647979079619479,0.9647979079619479,0.035202092038052135
2024-11-07,Lake Fryxell,0.9841046604047324,0.9841046604047324,0.015895339595267566
2024-11-12,Lake Fryxell,0.9770503354773816,0.9770503354773816,0.022949664522618374
2024-11-14,Lake Fryxell,0.9768719196490009,0.9768719196490009,0.023128080350999114
2024-11-21,Lake Fryxell,0.9844070425079151,0.9844070425079151,0.015592957492084891
2024-12-09,Lake Fryxell,0.9448453231124478,0.9448453231124478,0.055154676887552156
2024-12-21,Lake Fryxell,0.9951786259927877,0.9951786259927877,0.004821374007212276
2016-11-02,Lake Hoare,0.5371498541026352,0.5371498541026352,0.46285014589736484
2016-11-04,Lake Hoare,0.539131953525684,0.539131953525684,0.460868046474316
2016-11-06,Lake Hoare,0.5312045947483658,0.5312045947483658,0.4687954052516342
2016-11-08,Lake Hoare,0.5014699657412817,0.5014699657412817,0.49853003425871834
2016-11-15,Lake Hoare,0.5984507525622123,0.5984507525622123,0.40154924743778775
2016-12-10,Lake Hoare,0.6781648266704126,0.6781648266704126,0.32183517332958744
2016-12-13,Lake Hoare,0.5263317951841824,0.5263317951841824,0.4736682048158176
2016-12-15,Lake Hoare,0.44323586154219285,0.44323586154219285,0.5567641384578071
2016-12-17,Lake Hoare,0.16031679150582936,0.16031679150582936,0.8396832084941707
2016-12-24,Lake Hoare,0.630562944219742,0.630562944219742,0.369437055780258
2017-01-02,Lake Hoare,0.864613728874027,0.864613728874027,0.135386271125973
2017-01-11,Lake Hoare,0.8907161590433397,0.8907161590433397,0.10928384095666033
2017-01-14,Lake Hoare,0.9262003407669553,0.9262003407669553,0.07379965923304466
2017-01-18,Lake Hoare,0.9126176618385075,0.9126176618385075,0.08738233816149255
2017-01-25,Lake Hoare,0.8292593848627631,0.8292593848627631,0.17074061513723693
2017-01-27,Lake Hoare,0.8202501199891382,0.8202501199891382,0.17974988001086178
2017-01-30,Lake Hoare,0.8051216113118601,0.8051216113118601,0.1948783886881399
2017-11-07,Lake Hoare,0.48275653758837367,0.48275653758837367,0.5172434624116263
2017-11-18,Lake Hoare,0.8197727777328232,0.8197727777328232,0.1802272222671768
2017-11-21,Lake Hoare,0.845992187456299,0.845992187456299,0.154007812543701
2017-11-25,Lake Hoare,0.8407550804104837,0.8407550804104837,0.15924491958951625
2017-11-27,Lake Hoare,0.8585927658698734,0.8585927658698734,0.14140723413012657
2017-11-30,Lake Hoare,0.8851186384075681,0.8851186384075681,0.1148813615924319
2017-12-02,Lake Hoare,0.8487187927685883,0.8487187927685883,0.1512812072314117
2017-12-07,Lake Hoare,0.9751640587819796,0.9751640587819796,0.024835941218020352
2017-12-16,Lake Hoare,0.9124000554110334,0.9124000554110334,0.08759994458896658
2017-12-23,Lake Hoare,0.9144550267871459,0.9144550267871459,0.08554497321285415
2018-01-03,Lake Hoare,0.9145127142092739,0.9145127142092739,0.08548728579072606
2018-01-05,Lake Hoare,0.9286019442545687,0.9286019442545687,0.07139805574543134
2018-01-10,Lake Hoare,0.8720042880825567,0.8720042880825567,0.1279957119174433
2018-01-12,Lake Hoare,0.8756353180053048,0.8756353180053048,0.12436468199469519
2018-01-14,Lake Hoare,0.8776436421058815,0.8776436421058815,0.12235635789411847
2018-01-19,Lake Hoare,0.8641678175052893,0.8641678175052893,0.13583218249471074
2018-01-26,Lake Hoare,0.7425350426854529,0.7425350426854529,0.2574649573145471
2018-01-30,Lake Hoare,0.7586177322091501,0.7586177322091501,0.24138226779084992
2018-11-05,Lake Hoare,0.5090709022319047,0.5090709022319047,0.49092909776809535
2018-11-08,Lake Hoare,0.6528650360524718,0.6528650360524718,0.3471349639475282
2018-11-12,Lake Hoare,0.9242212273597595,0.9242212273597595,0.07577877264024047
2018-11-17,Lake Hoare,0.886315225124388,0.886315225124388,0.11368477487561202
2018-11-19,Lake Hoare,0.7507868390032925,0.7507868390032925,0.24921316099670754
2018-11-24,Lake Hoare,0.7867844864817486,0.7867844864817486,0.2132155135182514
2018-11-26,Lake Hoare,0.7327215457081288,0.7327215457081288,0.26727845429187125
2018-11-28,Lake Hoare,0.721760974781646,0.721760974781646,0.278239025218354
2018-11-30,Lake Hoare,0.7350877332736947,0.7350877332736947,0.2649122667263053
2018-12-05,Lake Hoare,0.9214212553086376,0.9214212553086376,0.07857874469136239
2018-12-30,Lake Hoare,0.7072123051265469,0.7072123051265469,0.29278769487345313
2019-01-01,Lake Hoare,0.7410516960704586,0.7410516960704586,0.2589483039295414
2019-01-04,Lake Hoare,0.7195742644330609,0.7195742644330609,0.28042573556693906
2019-01-06,Lake Hoare,0.7181164493603029,0.7181164493603029,0.28188355063969706
2019-01-11,Lake Hoare,0.5505348712598058,0.5505348712598058,0.4494651287401942
2019-01-15,Lake Hoare,0.6790296580375367,0.6790296580375367,0.3209703419624633
2019-01-24,Lake Hoare,0.6959544720481469,0.6959544720481469,0.30404552795185313
2019-11-06,Lake Hoare,0.29644320706969324,0.29644320706969324,0.7035567929303068
2019-11-08,Lake Hoare,0.3243925181629205,0.3243925181629205,0.6756074818370795
2019-11-11,Lake Hoare,0.35469631803087215,0.35469631803087215,0.6453036819691278
2019-11-15,Lake Hoare,0.6546406007686927,0.6546406007686927,0.3453593992313073
2019-11-17,Lake Hoare,0.6392351212955677,0.6392351212955677,0.3607648787044323
2019-11-24,Lake Hoare,0.3568530843692404,0.3568530843692404,0.6431469156307597
2019-11-27,Lake Hoare,0.5267339665185938,0.5267339665185938,0.47326603348140617
2019-12-03,Lake Hoare,0.5718387489871308,0.5718387489871308,0.42816125101286917
2019-12-17,Lake Hoare,0.7848582348427715,0.7848582348427715,0.2151417651572285
2019-12-24,Lake Hoare,0.7059139945978321,0.7059139945978321,0.2940860054021679
2019-12-26,Lake Hoare,0.7191659571926663,0.7191659571926663,0.2808340428073337
2019-12-31,Lake Hoare,0.5919245534589591,0.5919245534589591,0.4080754465410409
2020-01-02,Lake Hoare,0.6004258174938822,0.6004258174938822,0.39957418250611776
2020-01-11,Lake Hoare,0.6692466412405322,0.6692466412405322,0.33075335875946776
2020-01-20,Lake Hoare,0.6353775875915667,0.6353775875915667,0.3646224124084333
2020-10-30,Lake Hoare,0.6692515798324848,0.6692515798324848,0.33074842016751516
2020-11-15,Lake Hoare,0.6317166555952036,0.6317166555952036,0.3682833444047964
2020-11-17,Lake Hoare,0.6401381433532982,0.6401381433532982,0.3598618566467018
2020-11-19,Lake Hoare,0.6307739250594724,0.6307739250594724,0.3692260749405276
2020-11-24,Lake Hoare,0.6246270146832394,0.6246270146832394,0.37537298531676055
2020-11-26,Lake Hoare,0.6166441391020895,0.6166441391020895,0.3833558608979105
2020-11-29,Lake Hoare,0.5956259217521455,0.5956259217521455,0.40437407824785454
2020-12-01,Lake Hoare,0.594686368645626,0.594686368645626,0.40531363135437404
2020-12-03,Lake Hoare,0.6432867565554424,0.6432867565554424,0.35671324344455757
2020-12-08,Lake Hoare,0.6766797492775288,0.6766797492775288,0.32332025072247117
2020-12-10,Lake Hoare,0.6227776754106956,0.6227776754106956,0.3772223245893044
2020-12-15,Lake Hoare,0.35586257106447744,0.35586257106447744,0.6441374289355226
2020-12-21,Lake Hoare,0.370774722687666,0.370774722687666,0.629225277312334
2020-12-24,Lake Hoare,0.3167936292661698,0.3167936292661698,0.6832063707338303
2021-01-13,Lake Hoare,0.34961661780580716,0.34961661780580716,0.6503833821941929
2021-01-16,Lake Hoare,0.26459532941221175,0.26459532941221175,0.7354046705877882
2021-01-18,Lake Hoare,0.14582993201816072,0.14582993201816072,0.8541700679818393
2021-01-22,Lake Hoare,0.1797085542104316,0.1797085542104316,0.8202914457895684
2021-02-01,Lake Hoare,0.20642219180497098,0.20642219180497098,0.793577808195029
2021-10-31,Lake Hoare,0.35733804801687713,0.35733804801687713,0.6426619519831229
2021-11-04,Lake Hoare,0.35368294087090774,0.35368294087090774,0.6463170591290923
2021-11-09,Lake Hoare,0.5412558365802765,0.5412558365802765,0.45874416341972346
2021-11-11,Lake Hoare,0.35080685560726615,0.35080685560726615,0.6491931443927339
2021-11-20,Lake Hoare,0.6790656584264574,0.6790656584264574,0.3209343415735426
2021-12-02,Lake Hoare,0.4887897498340848,0.4887897498340848,0.5112102501659153
2021-12-04,Lake Hoare,0.33884238791646876,0.33884238791646876,0.6611576120835312
2021-12-06,Lake Hoare,0.48646186637654404,0.48646186637654404,0.5135381336234559
2021-12-08,Lake Hoare,0.5568654823786147,0.5568654823786147,0.44313451762138534
2021-12-11,Lake Hoare,0.853384063126278,0.853384063126278,0.14661593687372199
2021-12-18,Lake Hoare,0.6693030210170661,0.6693030210170661,0.33069697898293393
2021-12-20,Lake Hoare,0.6629988038504313,0.6629988038504313,0.3370011961495687
2021-12-22,Lake Hoare,0.6725307310066451,0.6725307310066451,0.32746926899335493
2021-12-24,Lake Hoare,0.6674895959663733,0.6674895959663733,0.33251040403362675
2022-01-05,Lake Hoare,0.6721321514094295,0.6721321514094295,0.3278678485905705
2022-01-07,Lake Hoare,0.660612496682396,0.660612496682396,0.33938750331760403
2022-01-12,Lake Hoare,0.7121911846762823,0.7121911846762823,0.2878088153237177
2022-01-14,Lake Hoare,0.7180882262018389,0.7180882262018389,0.2819117737981611
2022-01-16,Lake Hoare,0.7084576295669569,0.7084576295669569,0.2915423704330431
2022-01-19,Lake Hoare,0.562872595061811,0.562872595061811,0.437127404938189
2022-01-25,Lake Hoare,0.48767447038744965,0.48767447038744965,0.5123255296125504
2022-01-28,Lake Hoare,0.4990143235645584,0.4990143235645584,0.5009856764354417
2022-11-14,Lake Hoare,0.9067188121139022,0.9067188121139022,0.09328118788609785
2022-11-16,Lake Hoare,0.9047567636750076,0.9047567636750076,0.09524323632499243
2022-11-19,Lake Hoare,0.6159277549292377,0.6159277549292377,0.3840722450707623
2022-11-21,Lake Hoare,0.400922093782395,0.400922093782395,0.599077906217605
2022-11-23,Lake Hoare,0.4129267776811017,0.4129267776811017,0.5870732223188984
2022-11-28,Lake Hoare,0.8209025554887484,0.8209025554887484,0.17909744451125165
2022-12-05,Lake Hoare,0.8442114039310974,0.8442114039310974,0.1557885960689026
2022-12-11,Lake Hoare,0.6426914171591144,0.6426914171591144,0.3573085828408856
2022-12-16,Lake Hoare,0.8158753859308431,0.8158753859308431,0.18412461406915692
2022-12-18,Lake Hoare,0.8139730279978696,0.8139730279978696,0.18602697200213036
2023-01-01,Lake Hoare,0.9073871119582618,0.9073871119582618,0.09261288804173817
2023-01-03,Lake Hoare,0.7538842326976263,0.7538842326976263,0.24611576730237372
2023-01-10,Lake Hoare,0.7138519520919141,0.7138519520919141,0.2861480479080859
2023-01-22,Lake Hoare,0.7840448079896041,0.7840448079896041,0.21595519201039592
2023-01-24,Lake Hoare,0.7003617068601379,0.7003617068601379,0.2996382931398621
2023-11-17,Lake Hoare,0.6958859671804056,0.6958859671804056,0.30411403281959437
2023-11-19,Lake Hoare,0.6664221908628788,0.6664221908628788,0.3335778091371212
2023-12-05,Lake Hoare,0.8388064777238772,0.8388064777238772,0.16119352227612282
2023-12-19,Lake Hoare,0.8966473992472415,0.8966473992472415,0.10335260075275854
2023-12-28,Lake Hoare,0.9272149245606337,0.9272149245606337,0.0727850754393663
2023-12-30,Lake Hoare,0.925774332354526,0.925774332354526,0.074225667645474
2024-01-04,Lake Hoare,0.8460720865598423,0.8460720865598423,0.15392791344015766
2024-01-22,Lake Hoare,0.9154742376220452,0.9154742376220452,0.08452576237795484
2024-11-12,Lake Hoare,0.9070425645337511,0.9070425645337511,0.0929574354662489
2024-11-14,Lake Hoare,0.90277933334506,0.90277933334506,0.09722066665494
2024-11-21,Lake Hoare,0.9315251719184173,0.9315251719184173,0.06847482808158267
2024-12-21,Lake Hoare,0.930115073466964,0.930115073466964,0.06988492653303602
